brand,club_type,name,price,link,site
Callaway,driver,Callaway Premium Driver Headcover,24.99,https://www.carlsgolfland.com/callaway-premium-driver-headcover,carlsgolfland.com
Callaway,driver,Callaway Quantum Mini Driver 2026,549.99,https://www.carlsgolfland.com/callaway-quantum-mini-driver,carlsgolfland.com
Callaway,driver,Callaway Quantum Max Fast Driver 2026,699.99,https://www.carlsgolfland.com/callaway-quantum-max-fast-driver,carlsgolfland.com
Callaway,driver,Callaway Womens Elyte MAX Fast Driver - ON SALE,,https://www.carlsgolfland.com/callaway-womens-elyte-max-fast-driver,carlsgolfland.com
Callaway,driver,Callaway Elyte Driver - ON SALE,,https://www.carlsgolfland.com/callaway-elyte-driver,carlsgolfland.com
Callaway,driver,Callaway Quantum Max D Driver 2026,649.99,https://www.carlsgolfland.com/callaway-quantum-max-d-driver,carlsgolfland.com
Callaway,driver,Callaway Womens Mavrik 22 Driver,179.99,https://www.carlsgolfland.com/callaway-womens-mavrik-22-driver,carlsgolfland.com
Callaway,driver,Callaway Womens Quantum Max D Driver 2026,649.99,https://www.carlsgolfland.com/callaway-womens-quantum-max-d-driver,carlsgolfland.com
Callaway,driver,Callaway Quantum Max Driver 2026,649.99,https://www.carlsgolfland.com/callaway-quantum-max-driver,carlsgolfland.com
Callaway,driver,Callaway Rogue ST 24 Max Driver,289.99,https://www.carlsgolfland.com/callaway-rogue-st-24-max-driver,carlsgolfland.com
Callaway,driver,Callaway Quantum Triple Diamond Driver 2026,699.99,https://www.carlsgolfland.com/callaway-quantum-triple-diamond-driver,carlsgolfland.com
Callaway,driver,Callaway Quantum Triple Diamond Max Driver 2026,699.99,https://www.carlsgolfland.com/callaway-quantum-triple-diamond-max-driver,carlsgolfland.com
Callaway,driver,Callaway Womens Quantum Max Driver 2026,649.99,https://www.carlsgolfland.com/callaway-womens-quantum-max-driver,carlsgolfland.com
Callaway,driver,Callaway Womens REVA Rise Driver 2026,,https://www.carlsgolfland.com/callaway-womens-reva-rise-driver,carlsgolfland.com
Callaway,driver,Callaway Paradym Ai Smoke MAX Driver - ON SALE,,https://www.carlsgolfland.com/callaway-paradym-ai-smoke-max-driver,carlsgolfland.com
Callaway,driver,Callaway Womens Quantum Max Fast Driver 2026,699.99,https://www.carlsgolfland.com/callaway-womens-quantum-max-fast-driver,carlsgolfland.com
Callaway,driver,Callaway Elyte Triple Diamond Driver - ON SALE,,https://www.carlsgolfland.com/callaway-elyte-triple-diamond-driver,carlsgolfland.com
Callaway,driver,Callaway Quantum Max Driver 2026 - Ventus VeloCore Shaft,899.99,https://www.carlsgolfland.com/callaway-quantum-max-driver-ventus-velocore-shaft,carlsgolfland.com
Callaway,driver,Callaway Elyte Night Edition Driver - ON SALE,,https://www.carlsgolfland.com/callaway-elyte-night-edition-driver,carlsgolfland.com
Callaway,driver,Callaway Elyte Triple Diamond Tour Draw Driver - ON SALE,,https://www.carlsgolfland.com/callaway-elyte-triple-diamond-tour-draw-driver,carlsgolfland.com
Callaway,driver,Callaway Elyte X Driver - ON SALE,,https://www.carlsgolfland.com/callaway-elyte-x-driver,carlsgolfland.com
Callaway,driver,Callaway Womens Paradym Ai Smoke MAX Fast Driver - ON SALE,,https://www.carlsgolfland.com/callaway-womens-paradym-ai-smoke-max-fast-driver,carlsgolfland.com
Callaway,driver,Callaway Golf Strata Ultimate 16 Piece Package Set,,https://www.carlsgolfland.com/callaway-golf-strata-ultimate-16-piece-package-set,carlsgolfland.com
Callaway,driver,Callaway Supersoft Matte Color Golf Balls,27.99,https://www.carlsgolfland.com/callaway-supersoft-matte-color-golf-balls-2025,carlsgolfland.com
Callaway,driver,Callaway Golf Womens Strata Ultimate 16 Piece Package Set,,https://www.carlsgolfland.com/callaway-golf-womens-strata-ultimate-16-piece-package-set,carlsgolfland.com
Callaway,driver,Callaway Golf Strata Plus 14-Piece Package Set,,https://www.carlsgolfland.com/callaway-golf-strata-plus-14-piece-package-set,carlsgolfland.com
Callaway,driver,Callaway Golf Strata 12-Piece Package Set,,https://www.carlsgolfland.com/callaway-golf-strata-12-piece-package-set,carlsgolfland.com
Callaway,driver,Callaway ERC Soft Golf Balls 2026,39.99,https://www.carlsgolfland.com/callaway-erc-soft-golf-balls-2025,carlsgolfland.com
Callaway,driver,Callaway Golf Womens Strata 11-Piece Package Set,,https://www.carlsgolfland.com/callaway-golf-womens-strata-11-piece-package-set,carlsgolfland.com
Callaway,driver,Callaway Paradym Super Hybrids - ON SALE,149.99,https://www.carlsgolfland.com/callaway-paradym-super-hybrid,carlsgolfland.com
Callaway,driver,Callaway Golf Elyte TD Driver,399.94,http://www.rockbottomgolf.com/golf-clubs/drivers/callaway-golf-elyte-td-driver/,rockbottomgolf.com
Callaway,driver,Callaway Golf Elyte TD Premium Driver,399.94,http://www.rockbottomgolf.com/golf-clubs/drivers/callaway-golf-elyte-td-premium-driver/,rockbottomgolf.com
Callaway,driver,Callaway Golf Quantum TD MAX Driver,699.99,http://www.rockbottomgolf.com/drivers/callaway-golf-quantum-td-max-driver/,rockbottomgolf.com
Callaway,driver,Callaway Golf Quantum Mini Driver,549.99,http://www.rockbottomgolf.com/drivers/callaway-golf-quantum-mini-driver/,rockbottomgolf.com
Callaway,driver,Callaway Golf Quantum MAX USA 250 Driver,649.99,http://www.rockbottomgolf.com/drivers/callaway-golf-quantum-max-usa-250-driver/,rockbottomgolf.com
Callaway,driver,Callaway Golf Quantum TD MAX USA 250 Driver,699.99,http://www.rockbottomgolf.com/drivers/callaway-golf-quantum-td-max-usa-250-driver/,rockbottomgolf.com
Callaway,driver,Callaway Golf Quantum TD Driver,699.99,http://www.rockbottomgolf.com/drivers/callaway-golf-quantum-td-driver/,rockbottomgolf.com
Callaway,driver,Callaway Golf Quantum MAX D Driver,649.99,http://www.rockbottomgolf.com/drivers/callaway-golf-quantum-max-d-driver/,rockbottomgolf.com
Callaway,driver,Callaway Golf Paradym Ai Smoke Max Driver,399.99,http://www.rockbottomgolf.com/drivers/callaway-golf-paradym-ai-smoke-max-driver/,rockbottomgolf.com
Callaway,driver,Callaway Golf Quantum MAX FAST Driver,699.99,http://www.rockbottomgolf.com/drivers/callaway-golf-quantum-max-fast-driver/,rockbottomgolf.com
Callaway,driver,Callaway Golf Quantum MAX Driver,649.99,http://www.rockbottomgolf.com/drivers/callaway-golf-quantum-max-driver/,rockbottomgolf.com
Callaway,driver,Callaway Golf Elyte Driver,359.94,http://www.rockbottomgolf.com/golf-clubs/drivers/callaway-golf-elyte-driver/,rockbottomgolf.com
Callaway,driver,Callaway Golf Elyte X Driver,359.94,http://www.rockbottomgolf.com/golf-clubs/drivers/callaway-golf-elyte-x-driver/,rockbottomgolf.com
Callaway,driver,Callaway Golf Elyte Nightmode Driver,359.94,http://www.rockbottomgolf.com/drivers/callaway-golf-elyte-nightmode-driver/,rockbottomgolf.com
Callaway,driver,Pre-Owned Callaway Golf Elyte Driver,,http://www.rockbottomgolf.com/drivers/pre-owned-callaway-golf-elyte-driver/,rockbottomgolf.com
Callaway,driver,Pre-Owned Callaway Golf Rogue ST Max Driver,244.94,http://www.rockbottomgolf.com/golf-clubs/drivers/pre-owned-callaway-golf-rogue-st-max-driver/,rockbottomgolf.com
Callaway,driver,Pre-Owned Callaway Golf Paradym Ai Smoke Max Driver,294.94,http://www.rockbottomgolf.com/golf-clubs/drivers/pre-owned-callaway-golf-paradym-ai-smoke-max-driver/,rockbottomgolf.com
Callaway,driver,Pre-Owned Callaway Golf Elyte TD Driver,329.94,http://www.rockbottomgolf.com/drivers/pre-owned-callaway-golf-elyte-td-driver/,rockbottomgolf.com
Callaway,driver,Pre-Owned Callaway Golf Elyte Mini Driver,314.94,http://www.rockbottomgolf.com/drivers/pre-owned-callaway-golf-elyte-mini-driver/,rockbottomgolf.com
Callaway,driver,Pre-Owned Callaway Golf Paradym Driver,,http://www.rockbottomgolf.com/golf-clubs/drivers/pre-owned-callaway-golf-paradym-driver/,rockbottomgolf.com
Callaway,driver,Pre-Owned Callaway Golf Great Big Bertha Driver,,http://www.rockbottomgolf.com/golf-clubs/drivers/pre-owned-callaway-golf-great-big-bertha-driver/,rockbottomgolf.com
Callaway,driver,Pre-Owned Callaway Golf Epic Max Star Driver,344.94,http://www.rockbottomgolf.com/golf-clubs/drivers/pre-owned-callaway-golf-epic-max-star-driver/,rockbottomgolf.com
Callaway,driver,Pre-Owned Callaway Golf Paradym Ai Smoke Max D Driver,324.94,http://www.rockbottomgolf.com/golf-clubs/drivers/pre-owned-callaway-golf-paradym-ai-smoke-max-d-driver/,rockbottomgolf.com
Callaway,driver,Pre-Owned Callaway Golf Paradym Ai Smoke Triple Diamond Driver,324.94,http://www.rockbottomgolf.com/golf-clubs/drivers/pre-owned-callaway-golf-paradym-ai-smoke-triple-diamond-driver/,rockbottomgolf.com
Callaway,fairway_wood_7,Callaway Elyte Fairway Woods - ON SALE,,https://www.carlsgolfland.com/callaway-elyte-fairway-woods,carlsgolfland.com
Callaway,fairway_wood_7,Callaway Quantum Max Fast Fairway Woods 2026,429.99,https://www.carlsgolfland.com/callaway-quantum-max-fast-fairway-woods,carlsgolfland.com
Callaway,fairway_wood_7,Callaway Womens Quantum Max D Fairway Woods 2026,399.99,https://www.carlsgolfland.com/callaway-womens-quantum-max-d-fairway-woods,carlsgolfland.com
Callaway,fairway_wood_7,Callaway Quantum Max Fairway Woods 2026,399.99,https://www.carlsgolfland.com/callaway-quantum-max-fairway-woods,carlsgolfland.com
Callaway,fairway_wood_7,Callaway Womens REVA Rise Fairway Woods 2026,,https://www.carlsgolfland.com/callaway-womens-reva-rise-fairway-woods,carlsgolfland.com
Callaway,fairway_wood_7,Callaway Womens Quantum Max Fairway Woods 2026,399.99,https://www.carlsgolfland.com/callaway-womens-quantum-max-fairway-woods,carlsgolfland.com
Callaway,fairway_wood_7,Callaway Womens Elyte MAX Fast Fairway Woods - ON SALE,,https://www.carlsgolfland.com/callaway-womens-elyte-max-fast-fairway-woods,carlsgolfland.com
Callaway,fairway_wood_7,Callaway Quantum Triple Diamond Fairway Woods 2026,429.99,https://www.carlsgolfland.com/callaway-quantum-triple-diamond-fairway-woods,carlsgolfland.com
Callaway,fairway_wood_7,Callaway Womens Quantum Max Fast Fairway Woods 2026,429.99,https://www.carlsgolfland.com/callaway-womens-quantum-max-fast-fairway-woods,carlsgolfland.com
Callaway,fairway_wood_7,Callaway Womens Paradym Ai Smoke MAX Fast Fairway Woods - ON SALE,,https://www.carlsgolfland.com/callaway-womens-paradym-ai-smoke-max-fast-fairway-woods,carlsgolfland.com
Callaway,fairway_wood_7,Callaway Quantum Max D Fairway Woods 2026,399.99,https://www.carlsgolfland.com/callaway-quantum-max-d-fairway-woods,carlsgolfland.com
Callaway,fairway_wood_7,Callaway Paradym Ai Smoke MAX Fairway Woods - ON SALE,,https://www.carlsgolfland.com/callaway-paradym-ai-smoke-max-fairway-woods,carlsgolfland.com
Callaway,fairway_wood_7,Callaway Apex UW Utility Wood 2026,369.99,https://www.carlsgolfland.com/callaway-apex-uw,carlsgolfland.com
Callaway,fairway_wood_7,Callaway Elyte X Fairway Woods - ON SALE,,https://www.carlsgolfland.com/callaway-elyte-x-fairway-woods,carlsgolfland.com
Callaway,fairway_wood_7,Callaway Quantum Ti Fairway Woods 2026,549.99,https://www.carlsgolfland.com/callaway-quantum-ti-fairway-woods,carlsgolfland.com
Callaway,fairway_wood_7,Callaway Elyte Ti Fairway Woods - ON SALE,,https://www.carlsgolfland.com/callaway-elyte-ti-fairway-woods,carlsgolfland.com
Callaway,fairway_wood_7,Callaway Elyte Triple Diamond Fairway Woods - ON SALE,,https://www.carlsgolfland.com/callaway-elyte-triple-diamond-fairway-woods,carlsgolfland.com
Callaway,fairway_wood_7,Callaway Womens Elyte X Fairway Woods - ON SALE,,https://www.carlsgolfland.com/callaway-womens-elyte-x-fairway-woods,carlsgolfland.com
Callaway,fairway_wood_7,Callaway Rogue ST 24 Max Fairway Woods,189.99,https://www.carlsgolfland.com/callaway-rogue-st-24-max-fairway-woods,carlsgolfland.com
Callaway,fairway_wood_7,Callaway Big Bertha 23 Fairway Woods - ON SALE,149.99,https://www.carlsgolfland.com/callaway-big-bertha-23-fairway-woods,carlsgolfland.com
Callaway,fairway_wood_7,Callaway Womens Big Bertha REVA 23 Fairway Woods - ON SALE,149.99,https://www.carlsgolfland.com/callaway-womens-big-bertha-reva-23-fairway-woods,carlsgolfland.com
Callaway,fairway_wood_7,Callaway Junior XJ Level 3 7-Piece Complete Golf Package Set 2026,649.99,https://www.carlsgolfland.com/callaway-junior-xj-level-3-7-piece-golf-package-set,carlsgolfland.com
Callaway,fairway_wood_7,Callaway Womens REVA Rise Hybrid Combo Iron Set,,https://www.carlsgolfland.com/callaway-womens-reva-rise-hybrid-combo-iron-set,carlsgolfland.com
Callaway,fairway_wood_7,Callaway Quantum Max Irons 2026,785.71,https://www.carlsgolfland.com/callaway-quantum-max-irons,carlsgolfland.com
Callaway,fairway_wood_7,Callaway Apex Ti Fusion Irons,,https://www.carlsgolfland.com/callaway-apex-ti-fusion-irons,carlsgolfland.com
Callaway,fairway_wood_7,Callaway Quantum Max Fast Irons 2026,892.85,https://www.carlsgolfland.com/callaway-quantum-max-fast-irons,carlsgolfland.com
Callaway,fairway_wood_7,Callaway Elyte MAX Fast Irons - ON SALE,,https://www.carlsgolfland.com/callaway-elyte-max-fast-irons,carlsgolfland.com
Callaway,fairway_wood_7,Callaway Womens Quantum Max OS Irons 2026,857.14,https://www.carlsgolfland.com/callaway-womens-quantum-max-os-irons,carlsgolfland.com
Callaway,fairway_wood_7,Callaway Womens Quantum Max Fast Irons 2026,892.85,https://www.carlsgolfland.com/callaway-womens-quantum-max-fast-irons,carlsgolfland.com
Callaway,fairway_wood_7,Callaway Quantum Max Hybrid Combo Iron Set 2026,1199.99,https://www.carlsgolfland.com/callaway-quantum-max-hybrid-combo-iron-set,carlsgolfland.com
Callaway,fairway_wood_7,Callaway Golf Quantum MAX FAST Fairway Wood,429.99,http://www.rockbottomgolf.com/fairway-woods/callaway-golf-quantum-max-fast-fairway-wood/,rockbottomgolf.com
Callaway,fairway_wood_7,Callaway Golf Quantum MAX Fairway Wood,399.99,http://www.rockbottomgolf.com/fairway-woods/callaway-golf-quantum-max-fairway-wood/,rockbottomgolf.com
Callaway,fairway_wood_7,Callaway Golf Apex Utility Wood,369.99,http://www.rockbottomgolf.com/fairway-woods/callaway-golf-apex-utility-wood/,rockbottomgolf.com
Callaway,fairway_wood_7,Callaway Golf Quantum MAX Hybrid,319.99,http://www.rockbottomgolf.com/hybrids/callaway-golf-quantum-max-hybrid/,rockbottomgolf.com
Callaway,fairway_wood_7,Callaway Golf Quantum MAX OS Hybrid,319.99,http://www.rockbottomgolf.com/hybrids/callaway-golf-quantum-max-os-hybrid/,rockbottomgolf.com
Callaway,fairway_wood_7,Callaway Golf Quantum MAX FAST Hybrid,349.99,http://www.rockbottomgolf.com/hybrids/callaway-golf-quantum-max-fast-hybrid/,rockbottomgolf.com
Callaway,fairway_wood_7,Callaway Golf Quantum MAX D Fairway Wood,399.99,http://www.rockbottomgolf.com/fairway-woods/callaway-golf-quantum-max-d-fairway-wood/,rockbottomgolf.com
Callaway,fairway_wood_7,Callaway Golf Quantum TD Fairway Wood,429.99,http://www.rockbottomgolf.com/fairway-woods/callaway-golf-quantum-td-fairway-wood/,rockbottomgolf.com
Callaway,fairway_wood_7,Pre-Owned Callaway Golf Mavrik Fairway Wood,114.94,http://www.rockbottomgolf.com/golf-clubs/fairway-woods/pre-owned-callaway-golf-mavrik-fairway-wood/,rockbottomgolf.com
Callaway,fairway_wood_7,Callaway Golf LH Rogue ST LS Fairway Wood (Left Handed),159.94,http://www.rockbottomgolf.com/lefties/fairway-woods/callaway-golf-lh-rogue-st-ls-fairway-wood-left-handed/,rockbottomgolf.com
Callaway,fairway_wood_7,Callaway Golf Ladies Elyte MAX Fast Hybrid,194.94,http://www.rockbottomgolf.com/ladies/golf-clubs/hybrids/callaway-golf-ladies-elyte-max-fast-hybrid/,rockbottomgolf.com
Callaway,fairway_wood_7,Callaway Golf Ladies Elyte MAX Fast Fairway Wood,239.94,http://www.rockbottomgolf.com/ladies/golf-clubs/fairway-woods/callaway-golf-ladies-elyte-max-fast-fairway-wood/,rockbottomgolf.com
Callaway,fairway_wood_7,Callaway Golf Ladies Quantum MAX FAST Hybrid,349.99,http://www.rockbottomgolf.com/hybrids/callaway-golf-ladies-quantum-max-fast-hybrid/,rockbottomgolf.com
Callaway,fairway_wood_7,Callaway Golf Ladies Quantum MAX OS Hybrid,349.99,http://www.rockbottomgolf.com/hybrids/callaway-golf-ladies-quantum-max-os-hybrid/,rockbottomgolf.com
Callaway,fairway_wood_7,Callaway Golf Ladies REVA RISE Fairway Wood,269.94,http://www.rockbottomgolf.com/ladies/golf-clubs/fairway-woods/callaway-golf-ladies-reva-rise-fairway-wood/,rockbottomgolf.com
Callaway,fairway_wood_7,Callaway Golf LH Apex Utility Wood (Left Handed),369.99,http://www.rockbottomgolf.com/fairway-woods/callaway-golf-lh-apex-utility-wood-left-handed/,rockbottomgolf.com
Callaway,fairway_wood_7,Callaway Golf Ladies Paradym Ai Smoke Max Fast Fairway Wood,269.99,http://www.rockbottomgolf.com/ladies/golf-clubs/fairway-woods/callaway-golf-ladies-paradym-ai-smoke-max-fast-fairway-wood/,rockbottomgolf.com
Callaway,fairway_wood_7,Callaway Golf LH Quantum MAX Fairway Wood (Left Handed),399.99,http://www.rockbottomgolf.com/fairway-woods/callaway-golf-lh-quantum-max-fairway-wood-left-handed/,rockbottomgolf.com
Callaway,fairway_wood_7,Callaway Golf Ladies Quantum MAX FAST Fairway Wood,429.99,http://www.rockbottomgolf.com/fairway-woods/callaway-golf-ladies-quantum-max-fast-fairway-wood/,rockbottomgolf.com
Callaway,fairway_wood_7,Callaway Golf Ladies Quantum MAX D Fairway Wood,399.99,http://www.rockbottomgolf.com/fairway-woods/callaway-golf-ladies-quantum-max-d-fairway-wood/,rockbottomgolf.com
Callaway,fairway_wood_7,Pre-Owned Callaway Golf LH Paradym Ai Smoke Max Fairway Wood (Left Handed),,http://www.rockbottomgolf.com/fairway-woods/pre-owned-callaway-golf-lh-paradym-ai-smoke-max-fairway-wood-left-handed/,rockbottomgolf.com
Callaway,fairway_wood_7,Callaway Golf LH Ladies Big Bertha REVA Fairway Wood (Left Handed),139.94,http://www.rockbottomgolf.com/ladies/golf-clubs/fairway-woods/callaway-golf-lh-ladies-big-bertha-reva-fairway-wood-left-handed-1/,rockbottomgolf.com
Callaway,iron_set,Callaway Quantum Max Irons 2026,785.71,https://www.carlsgolfland.com/callaway-quantum-max-irons,carlsgolfland.com
Callaway,iron_set,Callaway Elyte X Irons - ON SALE,,https://www.carlsgolfland.com/callaway-elyte-x-irons,carlsgolfland.com
Callaway,iron_set,Callaway Quantum Max OS Irons 2026,785.71,https://www.carlsgolfland.com/callaway-quantum-max-os-irons,carlsgolfland.com
Callaway,iron_set,Callaway Quantum Max OS HL Irons 2026,942.85,https://www.carlsgolfland.com/callaway-quantum-max-os-hl-irons,carlsgolfland.com
Callaway,iron_set,Callaway Elyte HL Irons - ON SALE,,https://www.carlsgolfland.com/callaway-elyte-hl-irons,carlsgolfland.com
Callaway,iron_set,Callaway Elyte MAX Fast Irons - ON SALE,,https://www.carlsgolfland.com/callaway-elyte-max-fast-irons,carlsgolfland.com
Callaway,iron_set,Callaway Womens REVA Rise Irons,,https://www.carlsgolfland.com/callaway-womens-reva-rise-irons,carlsgolfland.com
Callaway,iron_set,Callaway Elyte Irons - ON SALE,,https://www.carlsgolfland.com/callaway-elyte-irons,carlsgolfland.com
Callaway,iron_set,Callaway Apex MB 24 Irons,1554.0,https://www.carlsgolfland.com/callaway-apex-mb-24-irons,carlsgolfland.com
Callaway,iron_set,Callaway Womens Quantum Max OS Irons 2026,857.14,https://www.carlsgolfland.com/callaway-womens-quantum-max-os-irons,carlsgolfland.com
Callaway,iron_set,Callaway Quantum Max OS Hybrid Combo Iron Set 2026,1199.99,https://www.carlsgolfland.com/callaway-quantum-max-os-hybrid-combo-iron-set,carlsgolfland.com
Callaway,iron_set,Callaway Quantum Max Hybrid Combo Iron Set 2026,1199.99,https://www.carlsgolfland.com/callaway-quantum-max-hybrid-combo-iron-set,carlsgolfland.com
Callaway,iron_set,Callaway Apex Ai150 Irons,1414.28,https://www.carlsgolfland.com/callaway-apex-ai150-irons,carlsgolfland.com
Callaway,iron_set,Callaway Womens Quantum Max Fast Irons 2026,892.85,https://www.carlsgolfland.com/callaway-womens-quantum-max-fast-irons,carlsgolfland.com
Callaway,iron_set,Callaway Quantum Max Fast Irons 2026,892.85,https://www.carlsgolfland.com/callaway-quantum-max-fast-irons,carlsgolfland.com
Callaway,iron_set,Callaway Womens REVA Rise Hybrid Combo Iron Set,,https://www.carlsgolfland.com/callaway-womens-reva-rise-hybrid-combo-iron-set,carlsgolfland.com
Callaway,iron_set,Callaway Apex Ti Fusion Plated Irons,2150.0,https://www.carlsgolfland.com/callaway-apex-ti-fusion-plated-irons,carlsgolfland.com
Callaway,iron_set,Callaway Apex Ti Fusion Irons,,https://www.carlsgolfland.com/callaway-apex-ti-fusion-irons,carlsgolfland.com
Callaway,iron_set,Callaway X Forged Max Irons,1598.33,https://www.carlsgolfland.com/callaway-x-forged-max-irons-2025,carlsgolfland.com
Callaway,iron_set,Callaway Golf Strata Ultimate 16 Piece Package Set,,https://www.carlsgolfland.com/callaway-golf-strata-ultimate-16-piece-package-set,carlsgolfland.com
Callaway,iron_set,Callaway Paradym Ai Smoke Irons - ON SALE,,https://www.carlsgolfland.com/callaway-paradym-ai-smoke-irons,carlsgolfland.com
Callaway,iron_set,Callaway Apex Ai300 Irons,1242.0,https://www.carlsgolfland.com/callaway-apex-ai300-irons,carlsgolfland.com
Callaway,iron_set,Callaway Golf Womens Strata Ultimate 16 Piece Package Set,,https://www.carlsgolfland.com/callaway-golf-womens-strata-ultimate-16-piece-package-set,carlsgolfland.com
Callaway,iron_set,Callaway Golf Strata 12-Piece Package Set,,https://www.carlsgolfland.com/callaway-golf-strata-12-piece-package-set,carlsgolfland.com
Callaway,iron_set,Callaway Junior XJ Level One 4-Piece Complete Golf Package Set 2026,349.99,https://www.carlsgolfland.com/callaway-junior-xj-level-1-4-piece-golf-package-set,carlsgolfland.com
Callaway,iron_set,Callaway Golf Womens Strata 11-Piece Package Set,,https://www.carlsgolfland.com/callaway-golf-womens-strata-11-piece-package-set,carlsgolfland.com
Callaway,iron_set,Callaway Apex Ai200 Irons,1242.0,https://www.carlsgolfland.com/callaway-apex-ai200-irons,carlsgolfland.com
Callaway,iron_set,Callaway Golf Magnetic Iron Headcovers,49.99,https://www.carlsgolfland.com/callaway-golf-magnetic-iron-headcovers,carlsgolfland.com
Callaway,iron_set,Callaway Junior XJ Level 3 7-Piece Complete Golf Package Set 2026,649.99,https://www.carlsgolfland.com/callaway-junior-xj-level-3-7-piece-golf-package-set,carlsgolfland.com
Callaway,iron_set,Callaway Golf Strata Plus 14-Piece Package Set,,https://www.carlsgolfland.com/callaway-golf-strata-plus-14-piece-package-set,carlsgolfland.com
Callaway,iron_set,Callaway Golf Elyte Irons (7 Iron Set),889.94,http://www.rockbottomgolf.com/golf-clubs/iron-sets/callaway-golf-elyte-irons-7-iron-set/,rockbottomgolf.com
Callaway,iron_set,Callaway Golf Elyte HL Irons (6 Iron Set),759.94,http://www.rockbottomgolf.com/golf-clubs/iron-sets/callaway-golf-elyte-hl-irons-6-iron-set/,rockbottomgolf.com
Callaway,iron_set,Callaway Golf Elyte HL Irons (6 Iron Set) Graphite,854.94,http://www.rockbottomgolf.com/golf-clubs/iron-sets/callaway-golf-elyte-hl-irons-6-iron-set-graphite/,rockbottomgolf.com
Callaway,iron_set,Callaway Golf Apex Ti Fusion Irons (7 Iron Set),1929.94,http://www.rockbottomgolf.com/golf-clubs/iron-sets/callaway-golf-apex-ti-fusion-irons-7-iron-set/,rockbottomgolf.com
Callaway,iron_set,Callaway Golf Quantum MAX Irons (7 Iron Set),1099.99,http://www.rockbottomgolf.com/iron-sets/callaway-golf-quantum-max-irons-7-iron-set/,rockbottomgolf.com
Callaway,iron_set,Callaway Golf Elyte X Irons (6 Iron Set),759.94,http://www.rockbottomgolf.com/golf-clubs/iron-sets/callaway-golf-elyte-x-irons-6-iron-set/,rockbottomgolf.com
Callaway,iron_set,Callaway Golf Mavrik Irons (6 Iron Set),479.99,http://www.rockbottomgolf.com/golf-clubs/iron-sets/callaway-golf-mavrik-irons-6-iron-set-1/,rockbottomgolf.com
Callaway,iron_set,Callaway Golf Quantum MAX Irons (5 Iron Set),785.71,http://www.rockbottomgolf.com/iron-sets/callaway-golf-quantum-max-irons-5-iron-set/,rockbottomgolf.com
Callaway,iron_set,Callaway Golf Quantum MAX OS Irons (7 Iron Set),1099.99,http://www.rockbottomgolf.com/iron-sets/callaway-golf-quantum-max-os-irons-7-iron-set/,rockbottomgolf.com
Callaway,iron_set,Callaway Golf Elyte HL Irons (5 Iron Set) Graphite,709.94,http://www.rockbottomgolf.com/golf-clubs/iron-sets/callaway-golf-elyte-hl-irons-5-iron-set-graphite/,rockbottomgolf.com
Callaway,iron_set,Callaway Golf Elyte HL Irons (7 Iron Set),889.94,http://www.rockbottomgolf.com/golf-clubs/iron-sets/callaway-golf-elyte-hl-irons-7-iron-set/,rockbottomgolf.com
Callaway,iron_set,Callaway Golf Elyte X Irons (7 Iron Set) Graphite,994.94,http://www.rockbottomgolf.com/golf-clubs/iron-sets/new-callaway-golf-elyte-x-irons-7-iron-set-graphite/,rockbottomgolf.com
Callaway,iron_set,Callaway Golf Elyte HL Irons (5 Iron Set),634.94,http://www.rockbottomgolf.com/golf-clubs/iron-sets/callaway-golf-elyte-hl-irons-5-iron-set/,rockbottomgolf.com
Callaway,iron_set,Callaway Golf Elyte Irons (5 Iron Set),634.94,http://www.rockbottomgolf.com/golf-clubs/iron-sets/callaway-golf-elyte-irons-5-iron-set/,rockbottomgolf.com
Callaway,iron_set,Callaway Golf Elyte MAX Fast Irons (6 Iron Set) Graphite,854.94,http://www.rockbottomgolf.com/golf-clubs/iron-sets/callaway-golf-elyte-max-fast-irons-6-iron-set-graphite/,rockbottomgolf.com
Callaway,iron_set,Callaway Golf Elyte HL Irons (7 Iron Set) Graphite,994.94,http://www.rockbottomgolf.com/golf-clubs/iron-sets/callaway-golf-elyte-hl-irons-7-iron-set-graphite/,rockbottomgolf.com
Callaway,iron_set,Callaway Golf 2024 Apex MB Iron,215.0,http://www.rockbottomgolf.com/golf-clubs/iron-sets/callaway-golf-2024-apex-mb-iron-site-sku/,rockbottomgolf.com
Callaway,iron_set,Callaway Golf Elyte Irons (6 Iron Set) Graphite,854.94,http://www.rockbottomgolf.com/golf-clubs/iron-sets/callaway-golf-elyte-irons-6-iron-set-graphite/,rockbottomgolf.com
Callaway,iron_set,Callaway Golf Quantum MAX Irons (9 Iron Set),1414.27,http://www.rockbottomgolf.com/iron-sets/callaway-golf-quantum-max-irons-9-iron-set/,rockbottomgolf.com
Callaway,iron_set,Callaway Golf Paradym Ai Smoke Irons (7 Irons Set),799.99,http://www.rockbottomgolf.com/golf-clubs/iron-sets/callaway-golf-paradym-ai-smoke-irons-7-irons-set/,rockbottomgolf.com
Callaway,iron_set,Callaway Golf Apex Ti Fusion Irons (6 Iron Set),1649.94,http://www.rockbottomgolf.com/golf-clubs/iron-sets/callaway-golf-apex-ti-fusion-irons-6-iron-set/,rockbottomgolf.com
Callaway,iron_set,Callaway Golf Quantum MAX Combo Irons (7 Club Set) Graphite,1299.99,http://www.rockbottomgolf.com/iron-sets/callaway-golf-quantum-max-combo-irons-7-club-set-graphite/,rockbottomgolf.com
Callaway,iron_set,Callaway Golf Apex Ti Fusion 250 Chrome Irons (6 Iron Set) Graphite,2100.0,http://www.rockbottomgolf.com/iron-sets/callaway-golf-apex-ti-fusion-250-chrome-irons-6-iron-set-graphite/,rockbottomgolf.com
Callaway,iron_set,Callaway Golf Apex Ti Fusion 250 Chrome Irons (6 Iron Set),2100.0,http://www.rockbottomgolf.com/iron-sets/callaway-golf-apex-ti-fusion-250-chrome-irons-6-iron-set/,rockbottomgolf.com
